[{"last_name":"Morecomb","first_name":"Gabriel","address":"73 Springs Street","state_prov":"West Virginia","email":"gmorecomb0@seesaa.net","phone":"304-117-8595"},
{"last_name":"Valder","first_name":"Rianon","address":"2846 Transport Point","state_prov":"California","email":"rvalder1@example.com","phone":"818-578-4209"},
{"last_name":"Densey","first_name":"Morley","address":"5 Lakeland Drive","state_prov":"Wisconsin","email":"mdensey2@weebly.com","phone":"262-246-2949"},
{"last_name":"Canton","first_name":"Abbye","address":"54 Corben Alley","state_prov":"Oregon","email":"acanton3@howstuffworks.com","phone":"971-352-4372"},
{"last_name":"Corriea","first_name":"Fairlie","address":"34382 Thierer Place","state_prov":"Colorado","email":"fcorriea4@jimdo.com","phone":"303-942-0983"},
{"last_name":"Purdon","first_name":"Amandy","address":"1222 Anderson Junction","state_prov":"Massachusetts","email":"apurdon5@mediafire.com","phone":"978-268-1573"},
{"last_name":"Vannikov","first_name":"Baron","address":"313 Manufacturers Way","state_prov":"South Carolina","email":"bvannikov6@bizjournals.com","phone":"803-222-8159"},
{"last_name":"Dumbreck","first_name":"Ryan","address":"90841 Fordem Street","state_prov":"Texas","email":"rdumbreck7@mozilla.org","phone":"832-855-0298"},
{"last_name":"Paramore","first_name":"Kayley","address":"3 International Circle","state_prov":"Texas","email":"kparamore8@mapquest.com","phone":"214-700-2022"},
{"last_name":"Kryszkiecicz","first_name":"Chic","address":"8254 Eggendart Pass","state_prov":"Pennsylvania","email":"ckryszkiecicz9@upenn.edu","phone":"412-461-9039"},
{"last_name":"Keeling","first_name":"Faina","address":"00 Maple Parkway","state_prov":"New York","email":"fkeelinga@nba.com","phone":"212-379-6034"},
{"last_name":"Bushnell","first_name":"Christi","address":"0 Anzinger Road","state_prov":"Missouri","email":"cbushnellb@telegraph.co.uk","phone":"816-160-0798"},
{"last_name":"Coaker","first_name":"Tallulah","address":"61 Buhler Junction","state_prov":"California","email":"tcoakerc@archive.org","phone":"559-463-3909"},
{"last_name":"Rubartelli","first_name":"Frannie","address":"77574 Haas Court","state_prov":"North Carolina","email":"frubartellid@ask.com","phone":"336-393-1035"},
{"last_name":"Wardall","first_name":"Lorena","address":"57 Dottie Place","state_prov":"Maryland","email":"lwardalle@flickr.com","phone":"443-202-3446"},
{"last_name":"Retallack","first_name":"Lexy","address":"5739 Mitchell Trail","state_prov":"New Hampshire","email":"lretallackf@bluehost.com","phone":"603-459-2213"},
{"last_name":"Sey","first_name":"Burgess","address":"9 Roxbury Lane","state_prov":"Nevada","email":"bseyg@europa.eu","phone":"775-797-3964"},
{"last_name":"Hauch","first_name":"Karoly","address":"8 Bellgrove Crossing","state_prov":"New York","email":"khauchh@house.gov","phone":"212-969-7921"},
{"last_name":"Ashburne","first_name":"Deane","address":"4 Green Place","state_prov":"Wisconsin","email":"dashburnei@rediff.com","phone":"608-941-5466"},
{"last_name":"Carnew","first_name":"Colette","address":"5088 Garrison Junction","state_prov":"Texas","email":"ccarnewj@squidoo.com","phone":"915-205-9791"},
{"last_name":"Firth","first_name":"Lynett","address":"811 Washington Plaza","state_prov":"Texas","email":"lfirthk@spotify.com","phone":"915-445-4681"},
{"last_name":"Methuen","first_name":"Anthe","address":"75 Green Circle","state_prov":"New Mexico","email":"amethuenl@usgs.gov","phone":"505-353-5395"},
{"last_name":"Hulk","first_name":"Stu","address":"7 Pierstorff Pass","state_prov":"Georgia","email":"shulkm@reference.com","phone":"678-815-2528"},
{"last_name":"Shenton","first_name":"Cherilyn","address":"9593 Continental Junction","state_prov":"Texas","email":"cshentonn@yellowpages.com","phone":"936-896-1278"},
{"last_name":"Ardy","first_name":"Ella","address":"966 Dahle Avenue","state_prov":"California","email":"eardyo@biblegateway.com","phone":"949-427-2961"},
{"last_name":"McGlone","first_name":"Audie","address":"70384 North Alley","state_prov":"Maryland","email":"amcglonep@slate.com","phone":"410-585-4491"},
{"last_name":"Stoakley","first_name":"Gradey","address":"103 Nobel Junction","state_prov":"Utah","email":"gstoakleyq@soundcloud.com","phone":"801-654-9683"},
{"last_name":"Berrill","first_name":"Charlton","address":"74182 Cascade Parkway","state_prov":"Alabama","email":"cberrillr@baidu.com","phone":"334-951-8965"},
{"last_name":"Harmson","first_name":"Rudyard","address":"63 Schurz Circle","state_prov":"Virginia","email":"rharmsons@imgur.com","phone":"804-665-3300"},
{"last_name":"East","first_name":"Nick","address":"9 Magdeline Pass","state_prov":"Mississippi","email":"neastt@state.gov","phone":"601-993-9105"},
{"last_name":"Corstan","first_name":"Ange","address":"94 Gerald Park","state_prov":"New York","email":"acorstanu@ebay.co.uk","phone":"716-276-8420"},
{"last_name":"Creegan","first_name":"Taffy","address":"080 Petterle Drive","state_prov":"Illinois","email":"tcreeganv@nymag.com","phone":"630-632-7408"},
{"last_name":"Tollmache","first_name":"Adda","address":"12776 Meadow Ridge Circle","state_prov":"New York","email":"atollmachew@europa.eu","phone":"347-584-2505"},
{"last_name":"Reyne","first_name":"Gae","address":"1946 Ridge Oak Hill","state_prov":"Massachusetts","email":"greynex@163.com","phone":"617-727-1730"},
{"last_name":"Elsbury","first_name":"Neal","address":"8931 Luster Way","state_prov":"Illinois","email":"nelsburyy@oracle.com","phone":"312-232-9960"},
{"last_name":"Elizabeth","first_name":"Benjamen","address":"29472 Manitowish Court","state_prov":"Massachusetts","email":"belizabethz@istockphoto.com","phone":"508-917-3497"},
{"last_name":"Gerren","first_name":"Keefe","address":"670 Scott Avenue","state_prov":"Colorado","email":"kgerren10@woothemes.com","phone":"303-277-7706"},
{"last_name":"Pratchett","first_name":"Denys","address":"3 Muir Way","state_prov":"Arizona","email":"dpratchett11@cnbc.com","phone":"480-286-3253"},
{"last_name":"Swindin","first_name":"Clemmy","address":"46856 Lukken Place","state_prov":"New York","email":"cswindin12@usa.gov","phone":"716-840-8595"},
{"last_name":"Allitt","first_name":"Marline","address":"53829 Ridgeview Park","state_prov":"Utah","email":"mallitt13@google.it","phone":"801-359-2079"},
{"last_name":"Halfacre","first_name":"Jenna","address":"62236 Mifflin Place","state_prov":"Florida","email":"jhalfacre14@tumblr.com","phone":"727-844-0698"},
{"last_name":"Surby","first_name":"Debbie","address":"0 Laurel Place","state_prov":"Florida","email":"dsurby15@earthlink.net","phone":"305-892-0728"},
{"last_name":"Durning","first_name":"Ethelda","address":"7 Oneill Road","state_prov":"Texas","email":"edurning16@tripod.com","phone":"915-140-8566"},
{"last_name":"Gaskal","first_name":"Ollie","address":"94 Clove Drive","state_prov":"Texas","email":"ogaskal17@arstechnica.com","phone":"210-189-5389"},
{"last_name":"De La Cote","first_name":"Kristy","address":"9866 Lillian Way","state_prov":"Florida","email":"kdelacote18@cargocollective.com","phone":"305-661-1858"},
{"last_name":"Iori","first_name":"Ad","address":"7811 Mesta Center","state_prov":"Texas","email":"aiori19@google.co.jp","phone":"214-477-7446"},
{"last_name":"Crimmins","first_name":"Ben","address":"6365 Clove Point","state_prov":"Washington","email":"bcrimmins1a@patch.com","phone":"253-671-7504"},
{"last_name":"Paige","first_name":"Barry","address":"8951 Derek Plaza","state_prov":"Florida","email":"bpaige1b@themeforest.net","phone":"321-401-9109"},
{"last_name":"Kitchaside","first_name":"Arley","address":"4375 Summer Ridge Lane","state_prov":"Virginia","email":"akitchaside1c@craigslist.org","phone":"703-939-4713"},
{"last_name":"Kemer","first_name":"Olly","address":"38698 Kropf Parkway","state_prov":"Washington","email":"okemer1d@oaic.gov.au","phone":"360-216-9898"},
{"last_name":"Bream","first_name":"Elizabeth","address":"777 Moland Street","state_prov":"Alabama","email":"ebream1e@amazon.com","phone":"334-396-0354"},
{"last_name":"Ceschi","first_name":"Zared","address":"8 Huxley Hill","state_prov":"Pennsylvania","email":"zceschi1f@pinterest.com","phone":"412-124-0363"},
{"last_name":"Bradock","first_name":"Rochelle","address":"526 Rusk Avenue","state_prov":"Texas","email":"rbradock1g@berkeley.edu","phone":"915-394-2800"},
{"last_name":"Parkins","first_name":"Marcy","address":"93437 Fallview Road","state_prov":"California","email":"mparkins1h@cnbc.com","phone":"559-193-3117"},
{"last_name":"Shortcliffe","first_name":"Gael","address":"2 Old Shore Way","state_prov":"Florida","email":"gshortcliffe1i@qq.com","phone":"786-704-8953"},
{"last_name":"Doudney","first_name":"Quillan","address":"13897 Gateway Alley","state_prov":"Georgia","email":"qdoudney1j@gnu.org","phone":"404-654-0181"},
{"last_name":"Crollman","first_name":"Marijn","address":"2516 Elka Plaza","state_prov":"Minnesota","email":"mcrollman1k@wikia.com","phone":"651-335-1062"},
{"last_name":"Danzelman","first_name":"Quinton","address":"1 Lunder Trail","state_prov":"Michigan","email":"qdanzelman1l@illinois.edu","phone":"734-535-6440"},
{"last_name":"Gilchriest","first_name":"Murry","address":"6 Gerald Drive","state_prov":"Illinois","email":"mgilchriest1m@google.fr","phone":"847-739-1825"},
{"last_name":"Claypole","first_name":"Maris","address":"1243 Grasskamp Park","state_prov":"New Mexico","email":"mclaypole1n@umn.edu","phone":"505-290-7244"},
{"last_name":"Pallasch","first_name":"Emalee","address":"19953 Golf Park","state_prov":"California","email":"epallasch1o@springer.com","phone":"650-776-6906"},
{"last_name":"Tankard","first_name":"Ivan","address":"848 Merchant Point","state_prov":"Missouri","email":"itankard1p@blinklist.com","phone":"816-179-7122"},
{"last_name":"Didsbury","first_name":"Gallard","address":"12 Cherokee Lane","state_prov":"Louisiana","email":"gdidsbury1q@usda.gov","phone":"318-505-7100"},
{"last_name":"Rhodef","first_name":"Esmaria","address":"74795 Graceland Way","state_prov":"New Jersey","email":"erhodef1r@miibeian.gov.cn","phone":"609-800-0751"},
{"last_name":"Gowen","first_name":"Claudell","address":"7 Roxbury Street","state_prov":"Nevada","email":"cgowen1s@domainmarket.com","phone":"775-101-3639"},
{"last_name":"Scally","first_name":"Corbett","address":"26607 Sullivan Point","state_prov":"North Carolina","email":"cscally1t@woothemes.com","phone":"336-980-3337"},
{"last_name":"Shoebottom","first_name":"Madel","address":"31482 Butterfield Road","state_prov":"New York","email":"mshoebottom1u@house.gov","phone":"518-724-9549"},
{"last_name":"Pickin","first_name":"Kaye","address":"5733 5th Hill","state_prov":"Texas","email":"kpickin1v@washingtonpost.com","phone":"512-263-5115"},
{"last_name":"Theunissen","first_name":"Electra","address":"55424 Erie Plaza","state_prov":"Georgia","email":"etheunissen1w@comsenz.com","phone":"706-862-6443"},
{"last_name":"Byer","first_name":"Bridget","address":"7 Eggendart Park","state_prov":"Massachusetts","email":"bbyer1x@google.com.hk","phone":"617-709-7221"},
{"last_name":"Catterick","first_name":"Ann-marie","address":"5 Independence Court","state_prov":"Alabama","email":"acatterick1y@google.pl","phone":"251-276-2797"},
{"last_name":"Hagergham","first_name":"Anselma","address":"49 Prairie Rose Terrace","state_prov":"Iowa","email":"ahagergham1z@oaic.gov.au","phone":"515-244-8767"},
{"last_name":"Danieli","first_name":"Amity","address":"26 Jana Avenue","state_prov":"Alabama","email":"adanieli20@intel.com","phone":"205-629-3978"},
{"last_name":"Bawme","first_name":"Janeen","address":"32 Homewood Trail","state_prov":"Florida","email":"jbawme21@examiner.com","phone":"352-693-3276"},
{"last_name":"Abelovitz","first_name":"Rubin","address":"2046 5th Street","state_prov":"Pennsylvania","email":"rabelovitz22@twitter.com","phone":"215-234-9892"},
{"last_name":"Sebrook","first_name":"Britt","address":"16050 Summerview Street","state_prov":"Wisconsin","email":"bsebrook23@ibm.com","phone":"920-707-1467"},
{"last_name":"Orsman","first_name":"Sanson","address":"3 Hooker Hill","state_prov":"Kentucky","email":"sorsman24@networkadvertising.org","phone":"859-840-4184"},
{"last_name":"Gissop","first_name":"Devon","address":"4149 Eggendart Park","state_prov":"Virginia","email":"dgissop25@prweb.com","phone":"571-758-6318"},
{"last_name":"Gilbee","first_name":"Quentin","address":"99 Hanover Drive","state_prov":"California","email":"qgilbee26@istockphoto.com","phone":"619-583-2054"},
{"last_name":"Harner","first_name":"Brynn","address":"796 Tennessee Street","state_prov":"California","email":"bharner27@gizmodo.com","phone":"562-466-4278"},
{"last_name":"Scarbarrow","first_name":"Lowrance","address":"757 Atwood Junction","state_prov":"Alabama","email":"lscarbarrow28@mtv.com","phone":"334-174-5925"},
{"last_name":"Tasch","first_name":"Ronnie","address":"63366 Di Loreto Court","state_prov":"Georgia","email":"rtasch29@theguardian.com","phone":"706-446-9334"},
{"last_name":"Pattillo","first_name":"Dolf","address":"79 Ridge Oak Road","state_prov":"Missouri","email":"dpattillo2a@booking.com","phone":"816-939-5130"},
{"last_name":"Tolomelli","first_name":"Jeana","address":"55 Goodland Terrace","state_prov":"New York","email":"jtolomelli2b@yale.edu","phone":"315-432-1023"},
{"last_name":"McMychem","first_name":"Isidoro","address":"344 Laurel Trail","state_prov":"District of Columbia","email":"imcmychem2c@posterous.com","phone":"202-274-6829"},
{"last_name":"MacDonough","first_name":"Willi","address":"06 Hansons Terrace","state_prov":"Georgia","email":"wmacdonough2d@aol.com","phone":"770-181-2995"},
{"last_name":"Cow","first_name":"Clerissa","address":"533 Kim Trail","state_prov":"Virginia","email":"ccow2e@statcounter.com","phone":"571-904-4083"},
{"last_name":"Lalonde","first_name":"Terza","address":"61336 Melody Park","state_prov":"Massachusetts","email":"tlalonde2f@unc.edu","phone":"508-140-1215"},
{"last_name":"Gregon","first_name":"Evyn","address":"8 Monterey Terrace","state_prov":"Texas","email":"egregon2g@hugedomains.com","phone":"214-461-1733"},
{"last_name":"Vala","first_name":"Ira","address":"1 Esker Way","state_prov":"South Dakota","email":"ivala2h@hugedomains.com","phone":"605-161-7528"},
{"last_name":"Corhard","first_name":"Davidson","address":"566 Michigan Center","state_prov":"Iowa","email":"dcorhard2i@multiply.com","phone":"319-865-3218"},
{"last_name":"McCarrison","first_name":"Sascha","address":"26 Northland Way","state_prov":"Minnesota","email":"smccarrison2j@reuters.com","phone":"651-448-6623"},
{"last_name":"Haime","first_name":"Wernher","address":"06862 Grayhawk Parkway","state_prov":"Utah","email":"whaime2k@goo.gl","phone":"801-935-3338"},
{"last_name":"Laurentin","first_name":"Harley","address":"43 Judy Pass","state_prov":"Ohio","email":"hlaurentin2l@businesswire.com","phone":"614-838-1378"},
{"last_name":"Fuidge","first_name":"Joela","address":"82427 Westend Terrace","state_prov":"Texas","email":"jfuidge2m@tuttocitta.it","phone":"254-104-6726"},
{"last_name":"De Biaggi","first_name":"Ettore","address":"14021 Forest Circle","state_prov":"Arkansas","email":"edebiaggi2n@php.net","phone":"501-406-6448"},
{"last_name":"Titterington","first_name":"Melli","address":"63461 Burrows Place","state_prov":"California","email":"mtitterington2o@macromedia.com","phone":"415-952-2825"},
{"last_name":"Wiltshire","first_name":"Cissiee","address":"5372 Golf Trail","state_prov":"Massachusetts","email":"cwiltshire2p@google.fr","phone":"617-509-4738"},
{"last_name":"Padilla","first_name":"Mike","address":"3 Northwestern Lane","state_prov":"New York","email":"mpadilla2q@fc2.com","phone":"716-259-9814"},
{"last_name":"Ryman","first_name":"Donella","address":"365 Sundown Avenue","state_prov":"California","email":"dryman2r@seattletimes.com","phone":"619-175-8671"},
{"last_name":"Union","first_name":"Eugenie","address":"092 Elka Parkway","state_prov":"Texas","email":"eunion2s@domainmarket.com","phone":"972-987-3730"},
{"last_name":"Strickland","first_name":"Gillan","address":"31815 Manley Lane","state_prov":"Florida","email":"gstrickland2t@yellowbook.com","phone":"352-688-2637"},
{"last_name":"Prigmore","first_name":"Dar","address":"9815 Tennessee Lane","state_prov":"Pennsylvania","email":"dprigmore2u@ebay.com","phone":"215-514-1973"},
{"last_name":"McHale","first_name":"Storm","address":"5605 Larry Place","state_prov":"New York","email":"smchale2v@nydailynews.com","phone":"917-695-1376"},
{"last_name":"Haith","first_name":"Erie","address":"247 Valley Edge Terrace","state_prov":"California","email":"ehaith2w@yellowpages.com","phone":"916-144-2141"},
{"last_name":"Matthewman","first_name":"Harley","address":"717 Onsgard Plaza","state_prov":"South Carolina","email":"hmatthewman2x@example.com","phone":"843-662-8144"},
{"last_name":"Byllam","first_name":"Jemmy","address":"0257 Shasta Point","state_prov":"Georgia","email":"jbyllam2y@google.cn","phone":"706-163-8463"},
{"last_name":"Morgan","first_name":"Lorry","address":"9 Village Plaza","state_prov":"District of Columbia","email":"lmorgan2z@yahoo.co.jp","phone":"202-113-2279"},
{"last_name":"Rickert","first_name":"Neala","address":"81 Reinke Crossing","state_prov":"Delaware","email":"nrickert30@ebay.co.uk","phone":"302-275-1707"},
{"last_name":"Piddocke","first_name":"Shea","address":"7 Burning Wood Drive","state_prov":"West Virginia","email":"spiddocke31@cloudflare.com","phone":"304-305-0117"},
{"last_name":"Delaprelle","first_name":"Prent","address":"0 Rieder Park","state_prov":"Georgia","email":"pdelaprelle32@webs.com","phone":"404-976-4429"},
{"last_name":"Shearston","first_name":"Harri","address":"94 Homewood Place","state_prov":"Pennsylvania","email":"hshearston33@wikispaces.com","phone":"412-119-3318"},
{"last_name":"Tumbridge","first_name":"Renata","address":"09363 Leroy Junction","state_prov":"Washington","email":"rtumbridge34@oracle.com","phone":"509-569-3172"},
{"last_name":"Knotton","first_name":"Dianne","address":"1 Lunder Point","state_prov":"Washington","email":"dknotton35@geocities.jp","phone":"425-358-8289"},
{"last_name":"McCumesky","first_name":"Yorgo","address":"88 Summer Ridge Terrace","state_prov":"Oklahoma","email":"ymccumesky36@flickr.com","phone":"405-172-1692"},
{"last_name":"Ventris","first_name":"Ruthe","address":"5790 Helena Way","state_prov":"California","email":"rventris37@ucoz.com","phone":"415-379-9101"},
{"last_name":"Staterfield","first_name":"Claiborn","address":"17 Grasskamp Hill","state_prov":"Ohio","email":"cstaterfield38@mapy.cz","phone":"513-300-1610"},
{"last_name":"Manis","first_name":"Reagen","address":"1 Ohio Center","state_prov":"Ohio","email":"rmanis39@bluehost.com","phone":"419-393-8995"},
{"last_name":"Isaksson","first_name":"Brett","address":"81 Northview Parkway","state_prov":"Georgia","email":"bisaksson3a@shutterfly.com","phone":"404-688-7148"},
{"last_name":"Barham","first_name":"Melanie","address":"6 Bartillon Road","state_prov":"Virginia","email":"mbarham3b@fotki.com","phone":"757-168-3622"},
{"last_name":"Addey","first_name":"Amandy","address":"35944 Meadow Vale Lane","state_prov":"Pennsylvania","email":"aaddey3c@tinyurl.com","phone":"215-207-0312"},
{"last_name":"Bardell","first_name":"Britta","address":"14643 Florence Junction","state_prov":"Texas","email":"bbardell3d@weather.com","phone":"469-791-4456"},
{"last_name":"Le Pine","first_name":"Alexia","address":"9 Rieder Crossing","state_prov":"Missouri","email":"alepine3e@google.pl","phone":"573-661-5466"},
{"last_name":"Vaan","first_name":"Twyla","address":"966 Summer Ridge Point","state_prov":"Tennessee","email":"tvaan3f@umn.edu","phone":"901-656-1881"},
{"last_name":"O'Luney","first_name":"Orlando","address":"5362 Maywood Avenue","state_prov":"Michigan","email":"ooluney3g@simplemachines.org","phone":"616-717-3242"},
{"last_name":"Duddridge","first_name":"Gerek","address":"24 Arapahoe Center","state_prov":"Georgia","email":"gduddridge3h@craigslist.org","phone":"404-701-8413"},
{"last_name":"Dorricott","first_name":"Denys","address":"489 Myrtle Crossing","state_prov":"Florida","email":"ddorricott3i@google.com","phone":"850-516-4258"},
{"last_name":"Lawman","first_name":"Esra","address":"413 Grayhawk Court","state_prov":"South Carolina","email":"elawman3j@dropbox.com","phone":"843-678-5150"},
{"last_name":"Ibbs","first_name":"Rene","address":"3902 Shoshone Terrace","state_prov":"Michigan","email":"ribbs3k@arstechnica.com","phone":"810-271-2177"},
{"last_name":"Fourmy","first_name":"Laverne","address":"8700 Merchant Street","state_prov":"New Mexico","email":"lfourmy3l@yale.edu","phone":"505-414-0681"},
{"last_name":"Holhouse","first_name":"Ward","address":"46 Sommers Avenue","state_prov":"Utah","email":"wholhouse3m@cyberchimps.com","phone":"801-463-5309"},
{"last_name":"Ellington","first_name":"Berne","address":"71801 Anhalt Way","state_prov":"Colorado","email":"bellington3n@facebook.com","phone":"303-251-8415"},
{"last_name":"Osgerby","first_name":"Benton","address":"87 Trailsway Trail","state_prov":"Florida","email":"bosgerby3o@deviantart.com","phone":"239-591-2906"},
{"last_name":"Heinssen","first_name":"Madelyn","address":"5601 Knutson Terrace","state_prov":"California","email":"mheinssen3p@csmonitor.com","phone":"510-352-2921"},
{"last_name":"Laverenz","first_name":"Winni","address":"188 2nd Alley","state_prov":"South Dakota","email":"wlaverenz3q@sciencedaily.com","phone":"605-325-1845"},
{"last_name":"Switland","first_name":"Freemon","address":"127 Continental Alley","state_prov":"North Carolina","email":"fswitland3r@prnewswire.com","phone":"704-755-0181"},
{"last_name":"Diggles","first_name":"Linc","address":"2 Elgar Pass","state_prov":"Texas","email":"ldiggles3s@lycos.com","phone":"830-273-2634"},
{"last_name":"Everest","first_name":"Cristina","address":"9871 Hooker Road","state_prov":"Alabama","email":"ceverest3t@fastcompany.com","phone":"334-280-3671"},
{"last_name":"Huish","first_name":"Elinore","address":"8039 Johnson Crossing","state_prov":"California","email":"ehuish3u@adobe.com","phone":"661-978-0011"},
{"last_name":"Broxis","first_name":"Benjamin","address":"2 Sutteridge Hill","state_prov":"Georgia","email":"bbroxis3v@tiny.cc","phone":"770-859-9197"},
{"last_name":"Vannuccini","first_name":"Gasparo","address":"784 Lakewood Gardens Hill","state_prov":"Texas","email":"gvannuccini3w@skyrock.com","phone":"713-582-3140"},
{"last_name":"Ketteridge","first_name":"Raina","address":"946 Farragut Lane","state_prov":"South Carolina","email":"rketteridge3x@cnn.com","phone":"803-941-4186"},
{"last_name":"Jonas","first_name":"Dodi","address":"32197 Crownhardt Way","state_prov":"Pennsylvania","email":"djonas3y@oaic.gov.au","phone":"717-302-8054"},
{"last_name":"Stainbridge","first_name":"Karlan","address":"81 Dennis Street","state_prov":"Tennessee","email":"kstainbridge3z@last.fm","phone":"901-342-1843"},
{"last_name":"Grenville","first_name":"Arielle","address":"4451 Westerfield Junction","state_prov":"Indiana","email":"agrenville40@hubpages.com","phone":"260-617-4474"},
{"last_name":"Rudolf","first_name":"Elspeth","address":"545 High Crossing Court","state_prov":"Connecticut","email":"erudolf41@smugmug.com","phone":"203-956-6161"},
{"last_name":"Marrill","first_name":"Carolan","address":"019 Barnett Pass","state_prov":"New York","email":"cmarrill42@java.com","phone":"518-655-5562"},
{"last_name":"Martignon","first_name":"Nealon","address":"5538 Arapahoe Terrace","state_prov":"Alabama","email":"nmartignon43@blogtalkradio.com","phone":"205-361-2364"},
{"last_name":"Callar","first_name":"Kaleena","address":"7 Washington Plaza","state_prov":"Missouri","email":"kcallar44@netscape.com","phone":"314-580-6946"},
{"last_name":"Doyle","first_name":"Meriel","address":"4 Coolidge Place","state_prov":"California","email":"mdoyle45@indiatimes.com","phone":"714-826-5771"}]